id|name|parent_id|sort|normative|form_30|sert|actual|comment|p_group|data_end
131|Должности специалистов с высшим профессиональным (немедицинским) образованием |2|160|1|||t|""|t|
141|Судебный эксперт (эксперт-биохимик, эксперт-генетик, эксперт-химик)|131|170|1|||t|""|t|
143|Должности специалистов со средним профессиональным (медицинским) образованием (средний медицинский персонал) |2|176|1|||t|""|t|
144|Заведующий здравпунктом - фельдшер (медицинская сестра)|143|177|1|||t|""|t|
145|Заведующий фельдшерско-акушерским пунктом - фельдшер (акушер, медицинская сестра)|143|180|1|||t|""|t|
146|Заведующий кабинетом медицинской профилактики - фельдшер (медицинская сестра)|143|184|1|||t|""|t|
147|Заведующий производством учреждений (отделов, отделений, лабораторий) зубопротезирования|143|187|1|||t|""|t|
149|Старшая медицинская сестра (акушер, фельдшер, операционная медицинская сестра, зубной техник)|143|193|1|||t|""|t|
169|Медицинская сестра (фельдшер) по приему вызовов скорой медицинской помощи и передаче их выездным бригадам скорой медицинской помощи|143|218|1|||t|""|t|
177|Медицинский лабораторный техник (фельдшер-лаборант)|143|228|1|||t|""|t|
200|Должности иных медицинских работников (младший медицинский персонал) |2|254|1|||t|""|t|
205|Должности прочего общеучрежденческого персонала медицинских организаций|1|259||||t|""|t|
214|Должности работников фармацевтических организаций|1|268||||t|""|t|
215|Должности фармацевтических работников |214|269|1|||t|""|t|
216|Должности руководителей фармацевтических организаций|215|270|1|||t|""|t|
217|Директор (заведующий, начальник) аптечной организации|216|271|1|||t|""|t|
218|Заместитель директора (заведующего, начальника) аптечной организации |216|275|1|||t|""|t|
222|Заведующий (начальник) структурного подразделения (отдела) аптечной организации|216|282|1|||t|""|t|
223|Должности специалистов с высшим профессиональным (фармацевтическим) образованием (провизоры)|215|287|1|||t|""|t|
229|Должности специалистов со средним профессиональным (фармацевтическим) образованием (средний фармацевтический персонал)|215|293|1|||t|""|t|
233|Должности иных фармацевтических работников (младший фармацевтический персонал) |215|297|1|||t|""|t|
236|Должности прочего общеучрежденческого персонала фармацевтических организаций|214|300||||t|""|t|
238|Должности работников образовательных организаций и НИИ||302||||t|""|t|
239|Должности руководителей образовательных организаций и НИИ|238|303||||t|""|t|
240|Руководитель (ректор, директор, заведующий, начальник) образовательной организации|239|304||||t|""|t|
242|Заместитель руководителя (директора, заведующего, начальника) образовательной организации|239|311|2|||t|""|t|
480|Руководитель (директор, заведующий, начальник) научной организации|239|316||||t|""|t|
485|Заместитель руководителя (директора, заведующего, начальника) научной организации|239|321||||t|""|t|
243|Руководитель (директор, заведующий, начальник, управляющий) структурного подразделения|239|326|2|||t|""|t|
244|Руководитель (директор, заведующий, начальник, управляющий) обособленного структурного подразделения|239|332||||t|""|t|
245|Заместитель руководителя (директора, заведующего, начальника, управляющего) структурного подразделения|239|338|2|||t|""|t|
246|Заведующий (начальник) техническим архивом, чертежно-копировальным бюро; лабораторией (компьютерного и фото-, кинооборудования, оргтехники, средств связи)|239|344|4|||t|""|t|
247|Заведующий (начальник) отделом научно-технической информации|239|351|4|||t|""|t|
248|Начальник (руководитель) бригады (группы)|239|354|4|||t|""|t|
249|Заведующий (начальник) научно-исследовательским (конструкторским) отделом (лабораторией, отделением, сектором)|239|359|4|||t|""|t|
250|Заведующий (начальник) научным центром|239|376||||t|""|t|
251|Начальник (заведующий) отдела (управления) аспирантуры|239|379|3|||t|""|t|
259|Руководитель (заведующий) учебной (учебно-производственной, производственной) практики|239|392|3|||t|""|t|
260|Заведующий (директор, начальник, руководитель) питомника, учебного вивария, лесхоза, опытного поля, ботанического сада (дендрария)|239|399|3|||t|""|t|
262|Директор (начальник, руководитель) студенческого дворца культуры|239|421|3|||t|""|t|
263|Директор (начальник, заведующий) студенческого общежития|239|425|3|||t|""|t|
264|Директор (руководитель, заведующий) издательства учебной литературы и учебных пособий|239|429|3|||t|""|t|
265|Должности работников образовательных организаций|238|433||||t|""|t|
266|Должности педагогических работников, отнесенных к профессорско-преподавательскому составу|265|434|2|||t|""|t|
280|Должности иных педагогических работников образовательных организаций|265|449|2|||t|""|t|
309|Должности научных работников|238|478||||t|""|t|
317|Должности учебного-вспомогательного персонала образовательных организаций|238|486||||t|""|t|
323|Должности административно-хозяйственного персонала образовательных и научно-исследовательских организаций|238|492||||t|""|t|
12|Врачи-специалисты|10|37|1|1||t|""|t|
159|Медицинская сестра|143|208|1|163||t|""|t|
183|Помощник врача|143|236|1|198||t|""|t|
100000|Добавленные должности||||||||t|
100003|Начальник отдела АСУ|100000||||f|t|""|f|
100007|Начальник ОТОКС|100000||||f|t|""|f|
100008|Начальник отдела кадров|100000||||f|t|""|f|
100001|Заведующий больничной аптекой|100000||||f|t|""|f|
100004|Оператор ЭВМ|100000||||f|t|""|f|
100006|Заведующий ОМО|100000||||f|t|""|f|
100002|Заведующий организационно-методическим отделом|100000||||f|t|""|f|
100005|Ведущий инженер-программист|100000||||f|t|""|f|
1|Должности работников медицинских организаций||1||||t|""|t|
2|Должности медицинских работников|1|2|1|||t|""|t|
3|Должности руководителей медицинских организаций|2|3|1|||t|""|t|
4|Главный врач (начальник) медицинской организации |3|4|1|||t|""|t|
5|Директор больницы (дома) сестринского ухода, хосписа|3|7|1|||t|""|t|
6|Заместитель руководителя (начальника) медицинской организации|3|10|1|||t|""|t|
7|Заведующий (начальник) структурного подразделения (отдела, отделения, лаборатории, кабинета, отряда и другое) медицинской организации - врач-специалист|3|13|1|||t|""|t|
10|Должности специалистов с высшим профессиональным (медицинским) образованием (врачи) |2|35|1|||t|""|t|
128|Старший врач станции (отделения) скорой медицинской помощи|12|153|1|||t|""|t|
129|Старший врач станции (отделения) скорой медицинской помощи горноспасательных частей|12|156|1|||t|""|t|
8|Заведующий (главный врач, начальник) структурного подразделения, осуществляющего медицинскую деятельность, иной организации|3|27|1|||t|""|f|
9|Главная медицинская сестра (главная акушерка, главный фельдшер)|3|31|1|||t|""|f|
403|Начальник бригады|248|355||||t|""|f|
320|Лаборант|317|489||||t|""|f|
334|Главный врач медицинской организации |4|5||4||t|""|f|
335|Начальник медицинской организации |4|6||4||t|""|f|
427|Директор больницы (дома) сестринского ухода|5|8||4||t|""|f|
428|Директор хосписа|5|9||4||t|""|f|
44|Врач-методист|12|69|1|30||t|""|f|
336|Заместитель руководителя медицинской организации|6|11||4||t|""|f|
337|Заместитель начальника медицинской организации|6|12||4||t|""|f|
429|Заведующий отделом медицинской организации|7|14||4||t|""|f|
430|Заведующий отделением медицинской организации|7|15||4||t|""|f|
208|Бухгалтер|205|262||217||t|""|f|
431|Заведующий лабораторией медицинской организации|7|16||4||t|""|f|
432|Заведующий кабинетом медицинской организации|7|17||4||t|""|f|
433|Заведующий отрядом медицинской организации|7|18||4||t|""|f|
434|Начальник отдела медицинской организации|7|19||4||t|""|f|
435|Начальник отделения медицинской организации|7|20||4||t|""|f|
436|Начальник лаборатории медицинской организации|7|21||4||t|""|f|
437|Начальник кабинета медицинской организации|7|22||4||t|""|f|
438|Начальник отряда медицинской организации|7|23||4||t|""|f|
513|Руководитель бюро медико-социальной экспертизы|7|24||||t|""|f|
514|Руководитель экспертного состава медико-социальной экспертизы|7|25||||t|""|f|
515|Руководитель Главного бюро медико-социальной экспертизы|7|26||||t|""|f|
340|Заведующий структурным подразделением, осуществляющим медицинскую деятельность, иной организации|4|28||4||t|""|f|
341|Главный врач структурного подразделения, осуществляющего медицинскую деятельность, иной организации|4|29||4||t|""|f|
342|Начальник структурного подразделения, осуществляющего медицинскую деятельность, иной организации|4|30||4||t|""|f|
343|Главная медицинская сестра |3|32||4||t|""|f|
344|Главная акушерка|3|33||4||t|""|f|
345|Главный фельдшер|3|34||4||t|""|f|
11|Врач-стажер|10|36|1|84||t|""|f|
13|Врач-акушер-гинеколог|12|38|1|5||t|""|f|
14|Врач-акушер-гинеколог цехового врачебного участка|12|39|1|5||t|""|f|
15|Врач-аллерголог-иммунолог|12|40|1|6||t|""|f|
16|Врач-анестезиолог-реаниматолог|12|41|1|7||t|""|f|
17|Врач-бактериолог|12|42|1|8||t|""|f|
18|Врач-вирусолог|12|43|1|9||t|""|f|
19|Врач-гастроэнтеролог|12|44|1|11||t|""|f|
20|Врач-гематолог|12|45|1|12||t|""|f|
21|Врач-генетик|12|46|1|13||t|""|f|
22|Врач-гериатр|12|47|1|14||t|""|f|
23|Врач-дезинфектолог|12|48|1|15||t|""|f|
24|Врач-дерматовенеролог|12|49|1|16||t|""|f|
25|Врач - детский кардиолог|12|50|1|21||t|""|f|
26|Врач - детский онколог|12|51|1|37||t|""|f|
27|Врач - детский уролог-андролог|12|52|1|106||t|""|f|
28|Врач - детский хирург|12|53|1|113||t|""|f|
328|Водитель|323|497||||t|""|f|
29|Врач - детский эндокринолог|12|54|1|119||t|""|f|
30|Врач-диабетолог|12|55|1|17||t|""|f|
31|Врач-диетолог|12|56|1|18||t|""|f|
32|Врач здравпункта|12|57|1|10||t|""|f|
33|Врач-инфекционист|12|58|1|19||t|""|f|
34|Врач-кардиолог|12|59|1|20||t|""|f|
35|Врач клинической лабораторной диагностики|12|60|1|22||t|""|f|
36|Врач - клинический миколог|12|61|1|23||t|""|f|
37|Врач - клинический фармаколог|12|62|1|107||t|""|f|
38|Врач-колопроктолог|12|63|1|24||t|""|f|
39|Врач-косметолог|12|64|1|25||t|""|f|
40|Врач-лаборант|12|65|1|26||t|сохраняется для специалистов, принятых на эту должность до 1 октября 1999 года|f|1999-10-01
41|Врач - лабораторный генетик|12|66|1|27||t|""|f|
42|Врач - лабораторный миколог|12|67|1|28||t|""|f|
43|Врач мануальной терапии|12|68|1|29||t|""|f|
45|Врач-невролог|12|70|1|31||t|""|f|
46|Врач-нейрохирург|12|71|1|32||t|""|f|
47|Врач-неонатолог|12|72|1|33||t|""|f|
48|Врач-нефролог|12|73|1|34||t|""|f|
49|Врач общей практики (семейный врач)|12|74|1|35||t|""|f|
50|Врач-онколог|12|75|1|36||t|""|f|
51|Врач-ортодонт|12|76|1|38||t|""|f|
52|Врач-остеопат|12|77|1|39||t|""|f|
53|Врач-оториноларинголог|12|78|1|40||t|""|f|
54|Врач-офтальмолог|12|79|1|41||t|""|f|
55|Врач-офтальмолог-протезист|12|80|1|42||t|""|f|
56|Врач-паразитолог|12|81|1|43||t|""|f|
57|Врач-патологоанатом|12|82|1|44||t|""|f|
58|Врач-педиатр|12|83|1|45||t|""|f|
59|Врач-педиатр участковый |12|84|1|46||t|""|f|
60|Врач-педиатр городской (районный)|12|85|1|47||t|""|f|
61|Врач - пластический хирург|12|86|1|114||t|""|f|
62|Врач по авиационной и космической медицине|12|87|1|48||t|""|f|
63|Врач по водолазной медицине|12|88|1|49||t|""|f|
64|Врач по гигиене детей и подростков|12|89|1|50||t|""|f|
65|Врач по гигиене питания|12|90|1|51||t|""|f|
66|Врач по гигиене труда|12|91|1|52||t|""|f|
67|Врач по гигиеническому воспитанию|12|92|1|53||t|""|f|
68|Врач по коммунальной гигиене|12|93|1|54||t|""|f|
69|Врач по лечебной физкультуре|12|94|1|55||t|""|f|
70|Врач по медико-социальной экспертизе|12|95|1|56||t|""|f|
71|Врач по медицинской профилактике|12|96|1|57||t|""|f|
72|Врач по медицинской реабилитации|12|97|1|58||t|""|f|
73|Врач по общей гигиене|12|98|1|59||t|""|f|
74|Врач по паллиативной медицинской помощи|12|99|1|60||t|""|f|
75|Врач по радиационной гигиене|12|100|1|61||t|""|f|
76|Врач по рентгенэндоваскулярным диагностике и лечению|12|101|1|62||t|""|f|
77|Врач по санитарно-гигиеническим лабораторным исследованиям|12|102|1|63||t|""|f|
78|Врач по спортивной медицине|12|103|1|64||t|""|f|
79|Врач приемного отделения|12|104|1|65||t|""|f|
80|Врач-профпатолог|12|105|1|66||t|""|f|
81|Врач-психиатр|12|106|1|67||t|""|f|
82|Врач-психиатр участковый|12|107|1|68||t|""|f|
83|Врач-психиатр детский|12|108|1|69||t|""|f|
84|Врач-психиатр детский участковый|12|109|1|70||t|""|f|
85|Врач-психиатр подростковый|12|110|1|71||t|""|f|
86|Врач-психиатр подростковый участковый|12|111|1|72||t|""|f|
87|Врач-психиатр-нарколог|12|112|1|73||t|""|f|
88|Врач-психиатр-нарколог участковый|12|113|1|74||t|""|f|
89|Врач-психотерапевт|12|114|1|75||t|""|f|
90|Врач-пульмонолог|12|115|1|76||t|""|f|
91|Врач-радиолог|12|116|1|77||t|""|f|
92|Врач-радиотерапевт|12|117|1|78||t|""|f|
93|Врач-ревматолог|12|118|1|79||t|""|f|
94|Врач-рентгенолог|12|119|1|80||t|""|f|
95|Врач-рефлексотерапевт|12|120|1|81||t|""|f|
96|Врач-сексолог|12|121|1|82||t|""|f|
97|Врач-сердечно-сосудистый хирург|12|122|1|115||t|""|f|
98|Врач скорой медицинской помощи|12|123|1|83||t|""|f|
99|Врач-статистик|12|124|1|85||t|""|f|
100|Врач-стоматолог|12|125|1|86||t|""|f|
101|Врач-стоматолог детский|12|126|1|87||t|""|f|
102|Врач-стоматолог-ортопед|12|127|1|88||t|""|f|
103|Врач-стоматолог-терапевт|12|128|1|89||t|""|f|
104|Врач-стоматолог-хирург|12|129|1|90||t|""|f|
359|Старший фельдшер|149|196||184||t|""|f|
105|Врач - судебно-медицинский эксперт|12|130|1|91||t|""|f|
106|Врач - судебно-психиатрический эксперт|12|131|1|92||t|""|f|
107|Врач-сурдолог-оториноларинголог|12|132|1|94||t|""|f|
108|Врач-сурдолог-протезист|12|133|1|95||t|""|f|
109|Врач-терапевт|12|134|1|96||t|""|f|
110|Врач-терапевт участковый|12|135|1|97||t|""|f|
111|Врач-терапевт участковый цехового врачебного участка|12|136|1|98||t|""|f|
112|Врач-терапевт подростковый|12|137|1|100||t|""|f|
113|Врач-токсиколог|12|138|1|101||t|""|f|
114|Врач-травматолог-ортопед|12|139|1|102||t|""|f|
115|Врач-трансфузиолог|12|140|1|103||t|""|f|
116|Врач ультразвуковой диагностики|12|141|1|104||t|""|f|
117|Врач-уролог|12|142|1|105||t|""|f|
118|Врач-физиотерапевт|12|143|1|108||t|""|f|
119|Врач-фтизиатр|12|144|1|109||t|""|f|
120|Врач-фтизиатр участковый|12|145|1|110||t|""|f|
121|Врач функциональной диагностики|12|146|1|111||t|""|f|
122|Врач-хирург|12|147|1|112||t|""|f|
123|Врач - торакальный хирург|12|148|1|116||t|""|f|
124|Врач - челюстно-лицевой хирург|12|149|1|117||t|""|f|
125|Врач-эндокринолог|12|150|1|118||t|""|f|
126|Врач-эндоскопист|12|151|1|120||t|""|f|
127|Врач-эпидемиолог|12|152|1|121||t|""|f|
449|Старший врач станции скорой медицинской помощи|128|154||122||t|""|f|
450|Старший врач отделения скорой медицинской помощи|128|155||122||t|""|f|
451|Старший врач станции скорой медицинской помощи горноспасательных частей|129|157||122||t|""|f|
452|Старший врач отделения скорой медицинской помощи горноспасательных частей|129|158||122||t|""|f|
130|Судовой врач|12|159|1|93||t|""|f|
132|Биолог|131|161|1|128||t|""|f|
133|Зоолог|131|162|1|127||t|""|f|
134|Эмбриолог|131|163|1|127||t|""|f|
135|Энтомолог|131|164|1|127||t|""|f|
136|Инструктор-методист по лечебной физкультуре|131|165|1|129||t|""|f|
137|Логопед|131|166||130||t|""|f|
138|Медицинский физик|131|167|1|131||t|""|f|
139|Медицинский психолог|131|168|1|132||t|""|f|
140|Эксперт-физик по контролю за источниками ионизирующих и неионизирующих излучений|131|169|1|127||t|""|f|
346|Судебный эксперт |141|171||133||t|""|f|
347|Судебный эксперт-биохимик|141|172||133||t|""|f|
348|Судебный эксперт-генетик|141|173||133||t|""|f|
349|Судебный эксперт-химик|141|174||133||t|""|f|
142|Химик-эксперт медицинской организации|131|175||134||t|""|f|
350|Заведующий здравпунктом - фельдшер |144|178||146||t|""|f|
351|Заведующий здравпунктом - медицинская сестра|144|179||146||t|""|f|
352|Заведующий фельдшерско-акушерским пунктом - фельдшер |145|181||147||t|""|f|
353|Заведующий фельдшерско-акушерским пунктом - акушер|145|182||147||t|""|f|
354|Заведующий фельдшерско-акушерским пунктом - медицинская сестра|145|183||147||t|""|f|
355|Заведующий кабинетом медицинской профилактики - фельдшер |146|185||146||t|""|f|
356|Заведующий кабинетом медицинской профилактики - медицинская сестра|146|186||146||t|""|f|
445|Заведующий производством учреждений зубопротезирования|147|188||146||t|""|f|
446|Заведующий производством отделов зубопротезирования|147|189||146||t|""|f|
447|Заведующий производством отделений зубопротезирования|147|190||146||t|""|f|
448|Заведующий производством лабораторий зубопротезирования|147|191||146||t|""|f|
148|Заведующий молочной кухней|143|192|1|146||t|""|f|
357|Старшая медицинская сестра |149|194||184||t|""|f|
358|Старший акушер|149|195||184||t|""|f|
360|Старшая операционная медицинская сестра|149|197||184||t|""|f|
361|Старший зубной техник|149|198||184||t|""|f|
150|Акушер|143|199|1|144||t|""|f|
151|Гигиенист стоматологический|143|200|1|145||t|""|f|
152|Зубной врач|143|201|1|148||t|""|f|
153|Зубной техник|143|202|1|150||t|""|f|
154|Инструктор-дезинфектор|143|203|1|151||t|""|f|
155|Инструктор по гигиеническому воспитанию|143|204|1|152||t|""|f|
156|Инструктор по лечебной физкультуре|143|205|1|153||t|""|f|
157|Инструктор по трудовой терапии|143|206|1|154||t|""|f|
158|Лаборант|143|207|1|155||t|""|f|
160|Медицинская сестра - анестезист |143|209|1|170||t|""|f|
161|Медицинская сестра врача общей практики (семейного врача)|143|210|1|171||t|""|f|
162|Медицинская сестра диетическая|143|211|1|172||t|""|f|
163|Медицинская сестра медико-социальной помощи|143|212|1|173||t|""|f|
164|Медицинская сестра палатная (постовая)|143|213|1|176||t|""|f|
165|Медицинская сестра патронажная |143|214|1|177||t|""|f|
166|Медицинская сестра перевязочной |143|215|1|178||t|""|f|
167|Медицинская сестра по косметологии|143|216|1|179||t|""|f|
168|Медицинская сестра по массажу |143|217|1|180||t|""|f|
482|Директор научной организации |480|318||||t|""|f|
362|Медицинская сестра по приему вызовов скорой медицинской помощи и передаче их выездным бригадам скорой медицинской помощи|169|219||174||t|""|f|
363|Фельдшер по приему вызовов скорой медицинской помощи и передаче их выездным бригадам скорой медицинской помощи|169|220||174||t|""|f|
170|Медицинская сестра приемного отделения |143|221|1|181||t|""|f|
171|Медицинская сестра процедурной |143|222|1|182||t|""|f|
172|Медицинская сестра по реабилитации|143|223|1|183||t|""|f|
173|Медицинская сестра стерилизационной |143|224|1|185||t|""|f|
174|Медицинская сестра участковая |143|225|1|186||t|""|f|
175|Медицинская сестра по физиотерапии|143|226|1|188||t|""|f|
176|Медицинский дезинфектор|143|227|1|190||t|""|f|
364|Медицинский лабораторный техник|177|229||159||t|""|f|
365|Фельдшер-лаборант|177|230||159||t|""|f|
178|Медицинский оптик-оптометрист|143|231|1|191||t|""|f|
179|Медицинский регистратор|143|232|1|192||t|""|f|
180|Медицинский статистик|143|233|1|193||t|""|f|
181|Медицинский технолог|143|234|1|194||t|""|f|
182|Операционная медицинская сестра |159|235|1|175||t|""|f|
184|Помощник врача-эпидемиолога |183|237|1|202||t|""|f|
185|Помощник врача-паразитолога|183|238|1|202||t|""|f|
186|Помощник врача по гигиене детей и подростков|183|239|1|200||t|""|f|
187|Помощник врача по гигиене питания|183|240|1|200||t|""|f|
188|Помощник врача по гигиене труда|183|241|1|200||t|""|f|
189|Помощник врача по гигиеническому воспитанию|183|242|1|200||t|""|f|
190|Помощник врача по коммунальной гигиене|183|243|1|200||t|""|f|
191|Помощник врача по общей гигиене|183|244|1|200||t|""|f|
192|Помощник врача по радиационной гигиене|183|245|1|200||t|""|f|
193|Помощник энтомолога|143|246|1|201||t|""|f|
194|Рентгенолаборант|143|247|1|203||t|""|f|
195|Фельдшер|143|248|1|204||t|""|f|
196|Фельдшер скорой медицинской помощи|143|249|1|205||t|""|f|
197|Фельдшер-нарколог|143|250|1|206||t|""|f|
198|Фельдшер-водитель скорой медицинской помощи|143|251|1|207||t|""|f|
366|Продавец оптики|143|252||208||t|""|f|
199|Прочий средний медицинский персонал|143|253||208||t|""|f|
201|Младшая медицинская сестра по уходу за больными |200|255|1|215||t|""|f|
202|Санитар|200|256|1|216||t|""|f|
203|Сестра-хозяйка|200|257|1|214||t|""|f|
204|Санитар-водитель|200|258|1|216||t|""|f|
206|ИТ-специалист|205|260||220||t|""|f|
207|Водитель скорой медицинской помощи|205|261||219||t|""|f|
209|Специалист отдела кадров|205|263||217||t|""|f|
210|Гардеробщик|205|264||217||t|""|f|
211|Библиотекарь|205|265||217||t|""|f|
212|Лифтер|205|266||217||t|""|f|
213|Иные профессии рабочих и служащих|205|267||217||t|""|f|
483|Заведующий научной организации |480|319||||t|""|f|
367|Директор аптечной организации|217|272||136||t|""|f|
368|Заведующий аптечной организации|217|273||136||t|""|f|
369|Начальник аптечной организации|217|274||136||t|""|f|
370|Заместитель директора аптечной организации |218|276||136||t|""|f|
371|Заместитель заведующего аптечной организации |218|277||136||t|""|f|
372|Заместитель начальника аптечной организации |218|278||136||t|""|f|
219|Заведующий складом организации оптовой торговли лекарственными средствами|216|279|1|136||t|""|f|
220|Заведующий медицинским складом мобилизационного резерва|216|280|1|136||t|""|f|
221|Заместитель заведующего складом организации оптовой торговли лекарственными средствами|216|281|1|136||t|""|f|
373|Заведующий структурного подразделения аптечной организации|222|283||136||t|""|f|
439|Заведующий отделом аптечной организации|222|284||136||t|""|f|
374|Начальник структурного подразделения аптечной организации|222|285||136||t|""|f|
440|Начальник отдела аптечной организации|222|286||136||t|""|f|
224|Провизор-стажер|223|288|1|135||t|""|f|
225|Провизор|223|289|1|135||t|""|f|
226|Провизор-технолог|223|290|1|137||t|""|f|
227|Провизор-аналитик|223|291|1|138||t|""|f|
228|Старший провизор|223|292|1|135||t|""|f|
230|Старший фармацевт|229|294|1|209||t|""|f|
231|Фармацевт|229|295|1|209||t|""|f|
232|Младший фармацевт|229|296|1|209||t|""|f|
234|Санитар (мойщик)|233|298|1|217||f|""|f|2014-08-01
235|Фасовщик |233|299|1|217||t|""|f|
237|Иные профессии рабочих|236|301||217||t|""|f|
375|Руководитель образовательной организации|240|305||||t|""|f|
376|Ректор образовательной организации высшего профессионального образования|240|306|2|||t|""|f|
377|Директор образовательной организации |240|307|2|||t|""|f|
378|Заведующий образовательной организации |240|308|2|||t|""|f|
379|Начальник образовательной организации |240|309|2|||t|""|f|
241|Президент образовательной организации высшего профессионального образования|240|310|2|||t|""|f|
380|Заместитель руководителя образовательной организации|242|312||||t|""|f|
381|Заместитель директора образовательной организации|242|313||||t|""|f|
382|Заместитель заведующего образовательной организации|242|314||||t|""|f|
383|Заместитель начальника образовательной организации|242|315||||t|""|f|
481|Руководитель научной организации|480|317||||t|""|f|
484|Начальник научной организации |480|320||||t|""|f|
486|Заместитель руководителя научной организации|485|322||||t|""|f|
487|Заместитель директора научной организации|485|323||||t|""|f|
488|Заместитель заведующего научной организации|485|324||||t|""|f|
489|Заместитель начальника научной организации|485|325||||t|""|f|
384|Руководитель структурного подразделения|243|327||||t|""|f|
385|Директор структурного подразделения|243|328||||t|""|f|
386|Заведующий структурного подразделения|243|329||||t|""|f|
387|Начальник структурного подразделения|243|330||||t|""|f|
388|Управляющий структурного подразделения|243|331||||t|""|f|
389|Руководитель обособленного структурного подразделения|244|333||||t|""|f|
390|Директор обособленного структурного подразделения|244|334||||t|""|f|
391|Заведующий обособленного структурного подразделения|244|335||||t|""|f|
392|Начальник обособленного структурного подразделения|244|336||||t|""|f|
393|Управляющий обособленного структурного подразделения|244|337||||t|""|f|
394|Заместитель руководителя структурного подразделения|245|339||||t|""|f|
395|Заместитель директора структурного подразделения|245|340||||t|""|f|
396|Заместитель заведующего структурного подразделения|245|341||||t|""|f|
397|Заместитель начальника структурного подразделения|245|342||||t|""|f|
398|Заместитель управляющего структурного подразделения|245|343||||t|""|f|
490|Заведующий техническим архивом|246|345||||t|""|f|
491|Заведующий чертежно-копировальным бюро|246|346||||t|""|f|
492|Заведующий лабораторией (компьютерного и фото-, кинооборудования, оргтехники, средств связи)|246|347||||t|""|f|
493|Начальник технического архива|246|348||||t|""|f|
494|Начальник чертежно-копировального бюро|246|349||||t|""|f|
495|Начальник лаборатории (компьютерного и фото-, кинооборудования, оргтехники, средств связи)|246|350||||t|""|f|
401|Заведующий отделом научно-технической информации|247|352||||t|""|f|
402|Начальник отдела научно-технической информации|247|353||||t|""|f|
441|Начальник группы|248|356||||t|""|f|
404|Руководитель бригады|248|357||||t|""|f|
442|Руководитель группы|248|358||||t|""|f|
496|Заведующий научно-исследовательским отделом|249|360||||t|""|f|
497|Заведующий научно-исследовательской лабораторией|249|361||||t|""|f|
498|Заведующий научно-исследовательским отделением|249|362||||t|""|f|
499|Заведующий научно-исследовательским сектором|249|363||||t|""|f|
500|Заведующий конструкторским отделом|249|364||||t|""|f|
501|Заведующий конструкторской лабораторией|249|365||||t|""|f|
502|Заведующий конструкторским отделением|249|366||||t|""|f|
503|Заведующий конструкторским сектором|249|367||||t|""|f|
504|Начальник научно-исследовательского отдела|249|368||||t|""|f|
505|Начальник научно-исследовательской лаборатории|249|369||||t|""|f|
506|Начальник научно-исследовательским отделения|249|370||||t|""|f|
507|Начальник научно-исследовательского сектора|249|371||||t|""|f|
508|Начальник конструкторского отдела|249|372||||t|""|f|
509|Начальник конструкторской лаборатории|249|373||||t|""|f|
510|Начальник конструкторского отделения|249|374||||t|""|f|
511|Начальник конструкторского сектора|249|375||||t|""|f|
407|Заведующий научным центром|250|377||||t|""|f|
408|Начальник научного центра|250|378||||t|""|f|
409|Начальник отдела аспирантуры|251|380||||t|""|f|
478|Начальник управления аспирантуры|251|381|||||""|f|
410|Заведующий отделом аспирантуры|251|382||||t|""|f|
479|Заведующий управлением аспирантуры|251|383|||||""|f|
252|Первый проректор|239|384|2|||t|""|f|
253|Проректор|239|385|2|||t|""|f|
254|Помощник ректора |239|386|2|||t|""|f|
255|Помощник проректора|239|387|2|||t|""|f|
256|Советник при ректорате|239|388|2|||t|""|f|
257|Ученый секретарь совета образовательной организации|239|389|2|||t|""|f|
258|Ученый секретарь совета факультета|239|390|2|||t|""|f|
444|Ученый секретарь совета института|239|391||||t|""|f|
512|Руководитель учебной практики|259|393||||t|""|f|
453|Руководитель учебно-производственной практики|259|394||||t|""|f|
454|Руководитель производственной практики|259|395||||t|""|f|
455|Заведующий учебной практики|259|396||||t|""|f|
456|Заведующий учебно-производственной практики|259|397||||t|""|f|
457|Заведующий производственной практики|259|398||||t|""|f|
458|Заведующий питомника|260|400||||t|""|f|
459|Заведующий учебного вивария|260|401||||t|""|f|
460|Заведующий лесхоза|260|402||||t|""|f|
461|Заведующий опытного поля|260|403||||t|""|f|
462|Заведующий ботанического сада (дендрария)|260|404||||t|""|f|
463|Директор питомника|260|405||||t|""|f|
464|Директор учебного вивария|260|406||||t|""|f|
465|Директор лесхоза|260|407||||t|""|f|
466|Директор опытного поля|260|408||||t|""|f|
467|Директор ботанического сада (дендрария)|260|409||||t|""|f|
468|Начальник питомника|260|410||||t|""|f|
469|Начальник учебного вивария|260|411||||t|""|f|
470|Начальник лесхоза|260|412||||t|""|f|
471|Начальник опытного поля|260|413||||t|""|f|
472|Начальник ботанического сада (дендрария)|260|414||||t|""|f|
473|Руководитель питомника|260|415||||t|""|f|
474|Руководитель учебного вивария|260|416||||t|""|f|
475|Руководитель лесхоза|260|417||||t|""|f|
476|Руководитель опытного поля|260|418||||t|""|f|
477|Руководитель ботанического сада (дендрария)|260|419||||t|""|f|
261|Старший мастер|239|420|2|||t|""|f|
417|Директор студенческого дворца культуры|262|422||||t|""|f|
418|Начальник студенческого дворца культуры|262|423||||t|""|f|
419|Руководитель студенческого дворца культуры|262|424||||t|""|f|
420|Директор студенческого общежития|263|426||||t|""|f|
421|Начальник студенческого общежития|263|427||||t|""|f|
422|Заведующий студенческого общежития|263|428||||t|""|f|
423|Директор издательства учебной литературы и учебных пособий|264|430||||t|""|f|
424|Руководитель издательства учебной литературы и учебных пособий|264|431||||t|""|f|
425|Заведующий издательства учебной литературы и учебных пособий|264|432||||t|""|f|
267|Декан факультета|266|435|2|||t|""|f|
426|Заместитель декана|266|436||||t|""|f|
268|Начальник факультета|266|437|2|||t|""|f|
269|Директор института|266|438|2|||t|""|f|
270|Начальник института|266|439|2|||t|""|f|
271|Заведующий кафедрой|266|440|2|||t|""|f|
272|Начальник кафедры|266|441|2|||t|""|f|
273|Заместитель начальника кафедры|266|442|2|||t|""|f|
274|Профессор|266|443|2|||t|""|f|
275|Доцент|266|444|2|||t|""|f|
276|Старший преподаватель|266|445|2|||t|""|f|
277|Преподаватель|266|446|2|||t|""|f|
278|Ассистент|266|447|2|||t|""|f|
279|Заведующий курсом|266|448||||t|""|f|
281|Воспитатель|280|450|2|||t|""|f|
282|Инструктор-методист|280|451|2|||t|""|f|
283|Инструктор по труду|280|452|2|||t|""|f|
284|Инструктор по физической культуре|280|453|2|||t|""|f|
285|Концертмейстер|280|454|2|||t|""|f|
286|Логопед|280|455|2|||t|""|f|
287|Мастер производственного обучения|280|456|2|||t|""|f|
288|Методист|280|457|2|||t|""|f|
289|Музыкальный руководитель|280|458|2|||t|""|f|
290|Педагог дополнительного образования|280|459|2|||t|""|f|
291|Педагог-библиотекарь|280|460|2|||t|""|f|
292|Педагог-организатор|280|461|2|||t|""|f|
293|Педагог-психолог|280|462|2|||t|""|f|
294|Преподаватель|280|463|2|||t|""|f|
295|Преподаватель-организатор основ безопасности жизнедеятельности|280|464|2|||t|""|f|
296|Руководитель физического воспитания|280|465|2|||t|""|f|
297|Социальный педагог|280|466|2|||t|""|f|
298|Старший вожатый|280|467|2|||t|""|f|
299|Старший воспитатель|280|468|2|||t|""|f|
300|Старший инструктор-методист|280|469|2|||t|""|f|
301|Старший методист|280|470|2|||t|""|f|
302|Старший педагог дополнительного образования|280|471|2|||t|""|f|
303|Старший тренер-преподаватель|280|472|2|||t|""|f|
304|Тренер-преподаватель|280|473|2|||t|""|f|
305|Тьютор|280|474|2|||t|""|f|
306|Учитель|280|475|2|||t|""|f|
307|Учитель-дефектолог|280|476|2|||t|""|f|
308|Учитель-логопед|280|477|2|||t|""|f|
310|Младший научный сотрудник|309|479|5|||t|""|f|
311|Научный сотрудник|309|480|5|||t|""|f|
312|Старший научный сотрудник|309|481|5|||t|""|f|
313|Ведущий научный сотрудник|309|482|5|||t|""|f|
314|Главный научный сотрудник|309|483|5|||t|""|f|
315|Стажер-исследователь|309|484|4|||t|""|f|
316|Лаборант-исследователь|309|485|4|||t|""|f|
318|Заведующий учебным кабинетом|317|487||||t|""|f|
319|Старший лаборант|317|488||||t|""|f|
321|Старший препаратор|317|490||||t|""|f|
322|Рабочий кафедры|317|491||||t|""|f|
324|Диспетчер факультета|323|493|3|||t|""|f|
325|ИТ-специалист|323|494||||t|""|f|
326|Инженер|323|495|5|||t|""|f|
327|Инженер-программист|323|496|5|||t|""|f|
329|Специалист по учебно-методической работе |323|498|3|||t|""|f|
330|Учебный мастер|323|499|3|||t|""|f|
331|Бухгалтер|323|500|5|||t|""|f|
332|Специалист отдела кадров|323|501|5|||t|""|f|
333|Иные профессии рабочих|323|502||||t|""|f|
100009|Начальник технического отдела|100000||||f|t|""|f|
100010|Заведующий аптекой - провизор|100000||||f|t|""|f|
1000011|Заведующий складом|100000||||f|t|""|f|
